<?xml version="1.0" encoding="UTF-8"?>
<project-private xmlns="http://www.netbeans.org/ns/project-private/1">
    <editor-bookmarks xmlns="http://www.netbeans.org/ns/editor-bookmarks/2" lastBookmarkId="0"/>
    <open-files xmlns="http://www.netbeans.org/ns/projectui-open-files/2">
        <group>
            <file>file:/D:/Data%20Pribadi/KULIAH%20FINAL/PROGRAM/TAKriptografiRC4/src/KriptoRC4Main/Enkripsiinterface.java</file>
            <file>file:/D:/Data%20Pribadi/KULIAH%20FINAL/PROGRAM/TAKriptografiRC4/src/KriptoRC4Main/Koneksi.java</file>
        </group>
    </open-files>
</project-private>
